año;categoria;subcategoria;indicador_id;indicador;fuente_oficial;valor;url_verificable;unidad;periodo_referencia;frecuencia;tipo_periodo;estado_dato;geo_nivel;geo_nombre;definicion;fecha_revision_fuente;notas;lado;sector_sec;clasificacion;codigo;parent_codigo;nivel;vintage;metodologia;source_id;es_ajuste_vintage;es_corte_analitico
2024;Sector público;Operaciones no financieras;fp_gasto_total_s13;Gasto consolidado de las Administraciones Públicas;IGAE — Operaciones no financieras / NEDD;725001;https://www.igae.pap.hacienda.gob.es/sitios/igae/es-ES/Contabilidad/ContabilidadNacional/Publicaciones/paginas/datosadminestado.aspx;millones de euros;2024;Anual;año natural;oficial_revisado;País;España;Empleos no financieros consolidados del sector Administraciones Públicas S.13.;2026-06-29;Total reconciliado con COFOG 2024(P).;centro;S.13;SEC2010;S13.GASTO;;0;IGAE vigente 2026-06-29 · Revisión Estadística 2024;SEC 2010;IGAE_NEDD_20260629;no;no
2024;Sector público;Ingresos públicos;fp_recursos_total_s13;Recursos no financieros de las Administraciones Públicas;IGAE — Operaciones no financieras / NEDD;673734;https://www.igae.pap.hacienda.gob.es/sitios/igae/es-ES/Contabilidad/ContabilidadNacional/Publicaciones/paginas/datosadminestado.aspx;millones de euros;2024;Anual;año natural;oficial_revisado;País;España;Recursos no financieros consolidados del sector Administraciones Públicas S.13.;2026-06-29;"El detalle económico disponible en el informe 4T 2024 pertenece a una vintage anterior; se concilia mediante un ajuste técnico explícito de 1.075 M€.";ingreso_total;S.13;SEC2010;S13.RECURSOS;S13.GASTO;1;IGAE vigente 2026-06-29 · Revisión Estadística 2024;SEC 2010;IGAE_NEDD_20260629;no;no
2024;Sector público;Ingresos públicos;fp_ingreso_d_2;Impuestos sobre la producción y las importaciones;IGAE — Informe trimestral AAPP 4T 2024;177139;https://www.igae.pap.hacienda.gob.es/sitios/igae/es-ES/Contabilidad/ContabilidadNacional/Publicaciones/Documents/Cap_Trim/IT_4T_2024.pdf;millones de euros;2024;Anual;año natural;oficial_vintage_4t;País;España;Impuestos sobre productos, IVA y otros impuestos sobre la producción/importaciones.;2025;Componente del detalle oficial 4T 2024. La suma de estos cinco componentes es 672.659 M€, vintage anterior a la revisión vigente.;ingreso;S.13;SEC2010;D.2;S13.RECURSOS;2;IGAE 4T 2024 · Revisión Estadística 2024;SEC 2010;IGAE_IT4_2024;no;no
2024;Sector público;Ingresos públicos;fp_ingreso_d_5;Impuestos corrientes sobre la renta y el patrimonio;IGAE — Informe trimestral AAPP 4T 2024;198726;https://www.igae.pap.hacienda.gob.es/sitios/igae/es-ES/Contabilidad/ContabilidadNacional/Publicaciones/Documents/Cap_Trim/IT_4T_2024.pdf;millones de euros;2024;Anual;año natural;oficial_vintage_4t;País;España;Impuestos corrientes sobre renta, beneficios y patrimonio, según SEC 2010.;2025;Componente del detalle oficial 4T 2024. La suma de estos cinco componentes es 672.659 M€, vintage anterior a la revisión vigente.;ingreso;S.13;SEC2010;D.5;S13.RECURSOS;2;IGAE 4T 2024 · Revisión Estadística 2024;SEC 2010;IGAE_IT4_2024;no;no
2024;Sector público;Ingresos públicos;fp_ingreso_d_91;Impuestos sobre el capital;IGAE — Informe trimestral AAPP 4T 2024;5571;https://www.igae.pap.hacienda.gob.es/sitios/igae/es-ES/Contabilidad/ContabilidadNacional/Publicaciones/Documents/Cap_Trim/IT_4T_2024.pdf;millones de euros;2024;Anual;año natural;oficial_vintage_4t;País;España;Impuestos sobre transferencias de capital y riqueza, según SEC 2010.;2025;Componente del detalle oficial 4T 2024. La suma de estos cinco componentes es 672.659 M€, vintage anterior a la revisión vigente.;ingreso;S.13;SEC2010;D.91;S13.RECURSOS;2;IGAE 4T 2024 · Revisión Estadística 2024;SEC 2010;IGAE_IT4_2024;no;no
2024;Sector público;Ingresos públicos;fp_ingreso_d_61;Cotizaciones sociales;IGAE — Informe trimestral AAPP 4T 2024;210240;https://www.igae.pap.hacienda.gob.es/sitios/igae/es-ES/Contabilidad/ContabilidadNacional/Publicaciones/Documents/Cap_Trim/IT_4T_2024.pdf;millones de euros;2024;Anual;año natural;oficial_vintage_4t;País;España;Cotizaciones sociales efectivas e imputadas que constituyen recurso de las AAPP.;2025;Componente del detalle oficial 4T 2024. La suma de estos cinco componentes es 672.659 M€, vintage anterior a la revisión vigente.;ingreso;S.13;SEC2010;D.61;S13.RECURSOS;2;IGAE 4T 2024 · Revisión Estadística 2024;SEC 2010;IGAE_IT4_2024;no;no
2024;Sector público;Ingresos públicos;fp_ingreso_rest_recursos;Resto de recursos no financieros;IGAE — Informe trimestral AAPP 4T 2024;80983;https://www.igae.pap.hacienda.gob.es/sitios/igae/es-ES/Contabilidad/ContabilidadNacional/Publicaciones/Documents/Cap_Trim/IT_4T_2024.pdf;millones de euros;2024;Anual;año natural;oficial_vintage_4t;País;España;Recursos no financieros distintos de impuestos y cotizaciones sociales en el consolidado S.13.;2025;Componente del detalle oficial 4T 2024. La suma de estos cinco componentes es 672.659 M€, vintage anterior a la revisión vigente.;ingreso;S.13;SEC2010;REST.RECURSOS;S13.RECURSOS;2;IGAE 4T 2024 · Revisión Estadística 2024;SEC 2010;IGAE_IT4_2024;no;no
2024;Sector público;Ingresos públicos;fp_ingreso_adj_vintage_2024;Ajuste de revisión estadística posterior;IGAE — conciliación entre publicaciones oficiales;1075;https://www.igae.pap.hacienda.gob.es/sitios/igae/es-ES/Contabilidad/ContabilidadNacional/Publicaciones/paginas/datosadminestado.aspx;millones de euros;2024;Anual;año natural;ajuste_tecnico;País;España;Diferencia entre el total de recursos vigente y el detalle de recursos publicado en la vintage 4T 2024.;2026-06-29;1.075 M€. NO es una fuente de ingreso. Se muestra solo para que el Sankey cierre sin ocultar la revisión estadística. Se eliminará al ingerir un detalle anual de la misma vintage que el total vigente.;ingreso;S.13;RECONCILIACION;ADJ.VINTAGE.2024;S13.RECURSOS;2;Puente 4T-2024 → IGAE vigente 2026-06-29;"Conciliación de vintage; no es una operación económica";IGAE_RECON_VINTAGE_2024;sí;no
2024;Sector público;Saldo público;fp_deficit_s13;Necesidad de financiación / déficit;IGAE — Operaciones no financieras / NEDD;51267;https://www.igae.pap.hacienda.gob.es/sitios/igae/es-ES/Contabilidad/ContabilidadNacional/Publicaciones/paginas/datosadminestado.aspx;millones de euros;2024;Anual;año natural;oficial_revisado;País;España;Necesidad de financiación del sector Administraciones Públicas S.13.;2026-06-29;"Se representa como financiación adicional para cerrar el flujo; no se denomina ingreso público.";financiacion;S.13;SEC2010;S13.DEFICIT;S13.GASTO;1;IGAE vigente 2026-06-29 · Revisión Estadística 2024;SEC 2010;IGAE_NEDD_20260629;no;no
2024;Sector público;Ingresos por subsector;fp_ingreso_d_2_s1311;Administración Central;IGAE — Informe trimestral AAPP 4T 2024;126487;https://www.igae.pap.hacienda.gob.es/sitios/igae/es-ES/Contabilidad/ContabilidadNacional/Publicaciones/Documents/Cap_Trim/IT_4T_2024.pdf;millones de euros;2024;Anual;año natural;oficial_vintage_4t;País;España;Desglose por subsector receptor del agregado D.2.;2025;"Subsector del mismo detalle 4T 2024; el desglose reconcilia exactamente con el agregado SEC de esta vintage.";ingreso_detalle;S.13;SEC2010_SUBSECTOR;D.2.S1311;D.2;3;IGAE 4T 2024 · Revisión Estadística 2024;SEC 2010;IGAE_IT4_2024;no;no
2024;Sector público;Ingresos por subsector;fp_ingreso_d_2_s1312;Administración Regional;IGAE — Informe trimestral AAPP 4T 2024;21366;https://www.igae.pap.hacienda.gob.es/sitios/igae/es-ES/Contabilidad/ContabilidadNacional/Publicaciones/Documents/Cap_Trim/IT_4T_2024.pdf;millones de euros;2024;Anual;año natural;oficial_vintage_4t;País;España;Desglose por subsector receptor del agregado D.2.;2025;"Subsector del mismo detalle 4T 2024; el desglose reconcilia exactamente con el agregado SEC de esta vintage.";ingreso_detalle;S.13;SEC2010_SUBSECTOR;D.2.S1312;D.2;3;IGAE 4T 2024 · Revisión Estadística 2024;SEC 2010;IGAE_IT4_2024;no;no
2024;Sector público;Ingresos por subsector;fp_ingreso_d_2_s1313;Administración Local;IGAE — Informe trimestral AAPP 4T 2024;29286;https://www.igae.pap.hacienda.gob.es/sitios/igae/es-ES/Contabilidad/ContabilidadNacional/Publicaciones/Documents/Cap_Trim/IT_4T_2024.pdf;millones de euros;2024;Anual;año natural;oficial_vintage_4t;País;España;Desglose por subsector receptor del agregado D.2.;2025;"Subsector del mismo detalle 4T 2024; el desglose reconcilia exactamente con el agregado SEC de esta vintage.";ingreso_detalle;S.13;SEC2010_SUBSECTOR;D.2.S1313;D.2;3;IGAE 4T 2024 · Revisión Estadística 2024;SEC 2010;IGAE_IT4_2024;no;no
2024;Sector público;Ingresos por subsector;fp_ingreso_d_5_s1311;Administración Central;IGAE — Informe trimestral AAPP 4T 2024;111743;https://www.igae.pap.hacienda.gob.es/sitios/igae/es-ES/Contabilidad/ContabilidadNacional/Publicaciones/Documents/Cap_Trim/IT_4T_2024.pdf;millones de euros;2024;Anual;año natural;oficial_vintage_4t;País;España;Desglose por subsector receptor del agregado D.5.;2025;"Subsector del mismo detalle 4T 2024; el desglose reconcilia exactamente con el agregado SEC de esta vintage.";ingreso_detalle;S.13;SEC2010_SUBSECTOR;D.5.S1311;D.5;3;IGAE 4T 2024 · Revisión Estadística 2024;SEC 2010;IGAE_IT4_2024;no;no
2024;Sector público;Ingresos por subsector;fp_ingreso_d_5_s1312;Administración Regional;IGAE — Informe trimestral AAPP 4T 2024;74706;https://www.igae.pap.hacienda.gob.es/sitios/igae/es-ES/Contabilidad/ContabilidadNacional/Publicaciones/Documents/Cap_Trim/IT_4T_2024.pdf;millones de euros;2024;Anual;año natural;oficial_vintage_4t;País;España;Desglose por subsector receptor del agregado D.5.;2025;"Subsector del mismo detalle 4T 2024; el desglose reconcilia exactamente con el agregado SEC de esta vintage.";ingreso_detalle;S.13;SEC2010_SUBSECTOR;D.5.S1312;D.5;3;IGAE 4T 2024 · Revisión Estadística 2024;SEC 2010;IGAE_IT4_2024;no;no
2024;Sector público;Ingresos por subsector;fp_ingreso_d_5_s1313;Administración Local;IGAE — Informe trimestral AAPP 4T 2024;12277;https://www.igae.pap.hacienda.gob.es/sitios/igae/es-ES/Contabilidad/ContabilidadNacional/Publicaciones/Documents/Cap_Trim/IT_4T_2024.pdf;millones de euros;2024;Anual;año natural;oficial_vintage_4t;País;España;Desglose por subsector receptor del agregado D.5.;2025;"Subsector del mismo detalle 4T 2024; el desglose reconcilia exactamente con el agregado SEC de esta vintage.";ingreso_detalle;S.13;SEC2010_SUBSECTOR;D.5.S1313;D.5;3;IGAE 4T 2024 · Revisión Estadística 2024;SEC 2010;IGAE_IT4_2024;no;no
2024;Sector público;Ingresos por subsector;fp_ingreso_d_91_s1311;Administración Central;IGAE — Informe trimestral AAPP 4T 2024;209;https://www.igae.pap.hacienda.gob.es/sitios/igae/es-ES/Contabilidad/ContabilidadNacional/Publicaciones/Documents/Cap_Trim/IT_4T_2024.pdf;millones de euros;2024;Anual;año natural;oficial_vintage_4t;País;España;Desglose por subsector receptor del agregado D.91.;2025;"Subsector del mismo detalle 4T 2024; el desglose reconcilia exactamente con el agregado SEC de esta vintage.";ingreso_detalle;S.13;SEC2010_SUBSECTOR;D.91.S1311;D.91;3;IGAE 4T 2024 · Revisión Estadística 2024;SEC 2010;IGAE_IT4_2024;no;no
2024;Sector público;Ingresos por subsector;fp_ingreso_d_91_s1312;Administración Regional;IGAE — Informe trimestral AAPP 4T 2024;3128;https://www.igae.pap.hacienda.gob.es/sitios/igae/es-ES/Contabilidad/ContabilidadNacional/Publicaciones/Documents/Cap_Trim/IT_4T_2024.pdf;millones de euros;2024;Anual;año natural;oficial_vintage_4t;País;España;Desglose por subsector receptor del agregado D.91.;2025;"Subsector del mismo detalle 4T 2024; el desglose reconcilia exactamente con el agregado SEC de esta vintage.";ingreso_detalle;S.13;SEC2010_SUBSECTOR;D.91.S1312;D.91;3;IGAE 4T 2024 · Revisión Estadística 2024;SEC 2010;IGAE_IT4_2024;no;no
2024;Sector público;Ingresos por subsector;fp_ingreso_d_91_s1313;Administración Local;IGAE — Informe trimestral AAPP 4T 2024;2234;https://www.igae.pap.hacienda.gob.es/sitios/igae/es-ES/Contabilidad/ContabilidadNacional/Publicaciones/Documents/Cap_Trim/IT_4T_2024.pdf;millones de euros;2024;Anual;año natural;oficial_vintage_4t;País;España;Desglose por subsector receptor del agregado D.91.;2025;"Subsector del mismo detalle 4T 2024; el desglose reconcilia exactamente con el agregado SEC de esta vintage.";ingreso_detalle;S.13;SEC2010_SUBSECTOR;D.91.S1313;D.91;3;IGAE 4T 2024 · Revisión Estadística 2024;SEC 2010;IGAE_IT4_2024;no;no
2024;Sector público;Ingresos por subsector;fp_ingreso_d_61_s1311;Administración Central;IGAE — Informe trimestral AAPP 4T 2024;9884;https://www.igae.pap.hacienda.gob.es/sitios/igae/es-ES/Contabilidad/ContabilidadNacional/Publicaciones/Documents/Cap_Trim/IT_4T_2024.pdf;millones de euros;2024;Anual;año natural;oficial_vintage_4t;País;España;Desglose por subsector receptor del agregado D.61.;2025;"Subsector del mismo detalle 4T 2024; el desglose reconcilia exactamente con el agregado SEC de esta vintage.";ingreso_detalle;S.13;SEC2010_SUBSECTOR;D.61.S1311;D.61;3;IGAE 4T 2024 · Revisión Estadística 2024;SEC 2010;IGAE_IT4_2024;no;no
2024;Sector público;Ingresos por subsector;fp_ingreso_d_61_s1312;Administración Regional;IGAE — Informe trimestral AAPP 4T 2024;416;https://www.igae.pap.hacienda.gob.es/sitios/igae/es-ES/Contabilidad/ContabilidadNacional/Publicaciones/Documents/Cap_Trim/IT_4T_2024.pdf;millones de euros;2024;Anual;año natural;oficial_vintage_4t;País;España;Desglose por subsector receptor del agregado D.61.;2025;"Subsector del mismo detalle 4T 2024; el desglose reconcilia exactamente con el agregado SEC de esta vintage.";ingreso_detalle;S.13;SEC2010_SUBSECTOR;D.61.S1312;D.61;3;IGAE 4T 2024 · Revisión Estadística 2024;SEC 2010;IGAE_IT4_2024;no;no
2024;Sector público;Ingresos por subsector;fp_ingreso_d_61_s1313;Administración Local;IGAE — Informe trimestral AAPP 4T 2024;345;https://www.igae.pap.hacienda.gob.es/sitios/igae/es-ES/Contabilidad/ContabilidadNacional/Publicaciones/Documents/Cap_Trim/IT_4T_2024.pdf;millones de euros;2024;Anual;año natural;oficial_vintage_4t;País;España;Desglose por subsector receptor del agregado D.61.;2025;"Subsector del mismo detalle 4T 2024; el desglose reconcilia exactamente con el agregado SEC de esta vintage.";ingreso_detalle;S.13;SEC2010_SUBSECTOR;D.61.S1313;D.61;3;IGAE 4T 2024 · Revisión Estadística 2024;SEC 2010;IGAE_IT4_2024;no;no
2024;Sector público;Ingresos por subsector;fp_ingreso_d_61_s1314;Fondos de la Seguridad Social;IGAE — Informe trimestral AAPP 4T 2024;199595;https://www.igae.pap.hacienda.gob.es/sitios/igae/es-ES/Contabilidad/ContabilidadNacional/Publicaciones/Documents/Cap_Trim/IT_4T_2024.pdf;millones de euros;2024;Anual;año natural;oficial_vintage_4t;País;España;Desglose por subsector receptor del agregado D.61.;2025;"Subsector del mismo detalle 4T 2024; el desglose reconcilia exactamente con el agregado SEC de esta vintage.";ingreso_detalle;S.13;SEC2010_SUBSECTOR;D.61.S1314;D.61;3;IGAE 4T 2024 · Revisión Estadística 2024;SEC 2010;IGAE_IT4_2024;no;no
2024;Sector público;Cotizaciones por agente;fp_ingreso_d_61_s1311_estado;Estado;IGAE — Informe trimestral AAPP 4T 2024;7003;https://www.igae.pap.hacienda.gob.es/sitios/igae/es-ES/Contabilidad/ContabilidadNacional/Publicaciones/Documents/Cap_Trim/IT_4T_2024.pdf;millones de euros;2024;Anual;año natural;oficial_vintage_4t;País;España;Detalle de cotizaciones sociales dentro de Administración Central.;2025;;ingreso_detalle;S.13;SEC2010_SUBSECTOR;D.61.S1311.ESTADO;D.61.S1311;4;IGAE 4T 2024 · Revisión Estadística 2024;SEC 2010;IGAE_IT4_2024;no;no
2024;Sector público;Cotizaciones por agente;fp_ingreso_d_61_s1311_oac;Organismos de la Administración Central;IGAE — Informe trimestral AAPP 4T 2024;2881;https://www.igae.pap.hacienda.gob.es/sitios/igae/es-ES/Contabilidad/ContabilidadNacional/Publicaciones/Documents/Cap_Trim/IT_4T_2024.pdf;millones de euros;2024;Anual;año natural;oficial_vintage_4t;País;España;Detalle de cotizaciones sociales dentro de Administración Central.;2025;;ingreso_detalle;S.13;SEC2010_SUBSECTOR;D.61.S1311.OAC;D.61.S1311;4;IGAE 4T 2024 · Revisión Estadística 2024;SEC 2010;IGAE_IT4_2024;no;no
2024;Sector público;Gasto por función;fp_cofog_01;Servicios públicos generales;IGAE — Gasto público 2020-2024 (COFOG);92551;https://www.igae.pap.hacienda.gob.es/sitios/igae/es-ES/Contabilidad/ContabilidadNacional/Publicaciones/Documents/AAPP_A/Funcional%202020-2024.pdf;millones de euros;2024;Anual;año natural;provisional_oficial_2024P;País;España;Gasto público consolidado por finalidad COFOG.;2026-02-23;Nivel 1 COFOG.;gasto;S.13;COFOG;01;S13.GASTO;1;COFOG 2024(P) · publicación 2026-02-23;SEC 2010 + COFOG;IGAE_COF_2024P;no;no
2024;Sector público;Gasto por función;fp_cofog_01_1;Órganos ejecutivos y legislativos, asuntos financieros y fiscales, asuntos exteriores;IGAE — Gasto público 2020-2024 (COFOG);21444;https://www.igae.pap.hacienda.gob.es/sitios/igae/es-ES/Contabilidad/ContabilidadNacional/Publicaciones/Documents/AAPP_A/Funcional%202020-2024.pdf;millones de euros;2024;Anual;año natural;provisional_oficial_2024P;País;España;Gasto público consolidado por finalidad COFOG.;2026-02-23;Nivel 2 COFOG.;gasto;S.13;COFOG;01.1;01;2;COFOG 2024(P) · publicación 2026-02-23;SEC 2010 + COFOG;IGAE_COF_2024P;no;no
2024;Sector público;Gasto por función;fp_cofog_01_3;Servicios generales;IGAE — Gasto público 2020-2024 (COFOG);16626;https://www.igae.pap.hacienda.gob.es/sitios/igae/es-ES/Contabilidad/ContabilidadNacional/Publicaciones/Documents/AAPP_A/Funcional%202020-2024.pdf;millones de euros;2024;Anual;año natural;provisional_oficial_2024P;País;España;Gasto público consolidado por finalidad COFOG.;2026-02-23;Nivel 2 COFOG.;gasto;S.13;COFOG;01.3;01;2;COFOG 2024(P) · publicación 2026-02-23;SEC 2010 + COFOG;IGAE_COF_2024P;no;no
2024;Sector público;Gasto por función;fp_cofog_01_4;Investigación básica;IGAE — Gasto público 2020-2024 (COFOG);8513;https://www.igae.pap.hacienda.gob.es/sitios/igae/es-ES/Contabilidad/ContabilidadNacional/Publicaciones/Documents/AAPP_A/Funcional%202020-2024.pdf;millones de euros;2024;Anual;año natural;provisional_oficial_2024P;País;España;Gasto público consolidado por finalidad COFOG.;2026-02-23;Nivel 2 COFOG.;gasto;S.13;COFOG;01.4;01;2;COFOG 2024(P) · publicación 2026-02-23;SEC 2010 + COFOG;IGAE_COF_2024P;no;no
2024;Sector público;Gasto por función;fp_cofog_01_7;Operaciones de deuda pública;IGAE — Gasto público 2020-2024 (COFOG);39644;https://www.igae.pap.hacienda.gob.es/sitios/igae/es-ES/Contabilidad/ContabilidadNacional/Publicaciones/Documents/AAPP_A/Funcional%202020-2024.pdf;millones de euros;2024;Anual;año natural;provisional_oficial_2024P;País;España;Gasto público consolidado por finalidad COFOG.;2026-02-23;Nivel 2 COFOG.;gasto;S.13;COFOG;01.7;01;2;COFOG 2024(P) · publicación 2026-02-23;SEC 2010 + COFOG;IGAE_COF_2024P;no;no
2024;Sector público;Gasto por función;fp_cofog_01_2_01_5_01_6_01_8;Otros servicios públicos generales;IGAE — Gasto público 2020-2024 (COFOG);6324;https://www.igae.pap.hacienda.gob.es/sitios/igae/es-ES/Contabilidad/ContabilidadNacional/Publicaciones/Documents/AAPP_A/Funcional%202020-2024.pdf;millones de euros;2024;Anual;año natural;provisional_oficial_2024P;País;España;Gasto público consolidado por finalidad COFOG.;2026-02-23;Nivel 2 COFOG. Agrupación de grupos pequeños/residuales para conciliación con el total de la división.;gasto;S.13;COFOG;01.2+01.5+01.6+01.8;01;2;COFOG 2024(P) · publicación 2026-02-23;SEC 2010 + COFOG;IGAE_COF_2024P;no;no
2024;Sector público;Gasto por función;fp_cofog_02;Defensa;IGAE — Gasto público 2020-2024 (COFOG);14233;https://www.igae.pap.hacienda.gob.es/sitios/igae/es-ES/Contabilidad/ContabilidadNacional/Publicaciones/Documents/AAPP_A/Funcional%202020-2024.pdf;millones de euros;2024;Anual;año natural;provisional_oficial_2024P;País;España;Gasto público consolidado por finalidad COFOG.;2026-02-23;Nivel 1 COFOG.;gasto;S.13;COFOG;02;S13.GASTO;1;COFOG 2024(P) · publicación 2026-02-23;SEC 2010 + COFOG;IGAE_COF_2024P;no;no
2024;Sector público;Gasto por función;fp_cofog_02_1;Defensa militar;IGAE — Gasto público 2020-2024 (COFOG);11317;https://www.igae.pap.hacienda.gob.es/sitios/igae/es-ES/Contabilidad/ContabilidadNacional/Publicaciones/Documents/AAPP_A/Funcional%202020-2024.pdf;millones de euros;2024;Anual;año natural;provisional_oficial_2024P;País;España;Gasto público consolidado por finalidad COFOG.;2026-02-23;Nivel 2 COFOG.;gasto;S.13;COFOG;02.1;02;2;COFOG 2024(P) · publicación 2026-02-23;SEC 2010 + COFOG;IGAE_COF_2024P;no;no
2024;Sector público;Gasto por función;fp_cofog_02_3;Ayuda militar al exterior;IGAE — Gasto público 2020-2024 (COFOG);2204;https://www.igae.pap.hacienda.gob.es/sitios/igae/es-ES/Contabilidad/ContabilidadNacional/Publicaciones/Documents/AAPP_A/Funcional%202020-2024.pdf;millones de euros;2024;Anual;año natural;provisional_oficial_2024P;País;España;Gasto público consolidado por finalidad COFOG.;2026-02-23;Nivel 2 COFOG.;gasto;S.13;COFOG;02.3;02;2;COFOG 2024(P) · publicación 2026-02-23;SEC 2010 + COFOG;IGAE_COF_2024P;no;no
2024;Sector público;Gasto por función;fp_cofog_02_4;I+D relacionada con la defensa;IGAE — Gasto público 2020-2024 (COFOG);712;https://www.igae.pap.hacienda.gob.es/sitios/igae/es-ES/Contabilidad/ContabilidadNacional/Publicaciones/Documents/AAPP_A/Funcional%202020-2024.pdf;millones de euros;2024;Anual;año natural;provisional_oficial_2024P;País;España;Gasto público consolidado por finalidad COFOG.;2026-02-23;Nivel 2 COFOG.;gasto;S.13;COFOG;02.4;02;2;COFOG 2024(P) · publicación 2026-02-23;SEC 2010 + COFOG;IGAE_COF_2024P;no;no
2024;Sector público;Gasto por función;fp_cofog_03;Orden público y seguridad;IGAE — Gasto público 2020-2024 (COFOG);28628;https://www.igae.pap.hacienda.gob.es/sitios/igae/es-ES/Contabilidad/ContabilidadNacional/Publicaciones/Documents/AAPP_A/Funcional%202020-2024.pdf;millones de euros;2024;Anual;año natural;provisional_oficial_2024P;País;España;Gasto público consolidado por finalidad COFOG.;2026-02-23;Nivel 1 COFOG.;gasto;S.13;COFOG;03;S13.GASTO;1;COFOG 2024(P) · publicación 2026-02-23;SEC 2010 + COFOG;IGAE_COF_2024P;no;no
2024;Sector público;Gasto por función;fp_cofog_03_1;Servicios de policía;IGAE — Gasto público 2020-2024 (COFOG);17541;https://www.igae.pap.hacienda.gob.es/sitios/igae/es-ES/Contabilidad/ContabilidadNacional/Publicaciones/Documents/AAPP_A/Funcional%202020-2024.pdf;millones de euros;2024;Anual;año natural;provisional_oficial_2024P;País;España;Gasto público consolidado por finalidad COFOG.;2026-02-23;Nivel 2 COFOG.;gasto;S.13;COFOG;03.1;03;2;COFOG 2024(P) · publicación 2026-02-23;SEC 2010 + COFOG;IGAE_COF_2024P;no;no
2024;Sector público;Gasto por función;fp_cofog_03_2;Servicios de protección contra incendios;IGAE — Gasto público 2020-2024 (COFOG);3014;https://www.igae.pap.hacienda.gob.es/sitios/igae/es-ES/Contabilidad/ContabilidadNacional/Publicaciones/Documents/AAPP_A/Funcional%202020-2024.pdf;millones de euros;2024;Anual;año natural;provisional_oficial_2024P;País;España;Gasto público consolidado por finalidad COFOG.;2026-02-23;Nivel 2 COFOG.;gasto;S.13;COFOG;03.2;03;2;COFOG 2024(P) · publicación 2026-02-23;SEC 2010 + COFOG;IGAE_COF_2024P;no;no
2024;Sector público;Gasto por función;fp_cofog_03_3;Tribunales de justicia;IGAE — Gasto público 2020-2024 (COFOG);5416;https://www.igae.pap.hacienda.gob.es/sitios/igae/es-ES/Contabilidad/ContabilidadNacional/Publicaciones/Documents/AAPP_A/Funcional%202020-2024.pdf;millones de euros;2024;Anual;año natural;provisional_oficial_2024P;País;España;Gasto público consolidado por finalidad COFOG.;2026-02-23;Nivel 2 COFOG.;gasto;S.13;COFOG;03.3;03;2;COFOG 2024(P) · publicación 2026-02-23;SEC 2010 + COFOG;IGAE_COF_2024P;no;no
2024;Sector público;Gasto por función;fp_cofog_03_4;Prisiones;IGAE — Gasto público 2020-2024 (COFOG);2333;https://www.igae.pap.hacienda.gob.es/sitios/igae/es-ES/Contabilidad/ContabilidadNacional/Publicaciones/Documents/AAPP_A/Funcional%202020-2024.pdf;millones de euros;2024;Anual;año natural;provisional_oficial_2024P;País;España;Gasto público consolidado por finalidad COFOG.;2026-02-23;Nivel 2 COFOG.;gasto;S.13;COFOG;03.4;03;2;COFOG 2024(P) · publicación 2026-02-23;SEC 2010 + COFOG;IGAE_COF_2024P;no;no
2024;Sector público;Gasto por función;fp_cofog_03_5_03_6;Otros servicios de orden público y seguridad;IGAE — Gasto público 2020-2024 (COFOG);324;https://www.igae.pap.hacienda.gob.es/sitios/igae/es-ES/Contabilidad/ContabilidadNacional/Publicaciones/Documents/AAPP_A/Funcional%202020-2024.pdf;millones de euros;2024;Anual;año natural;provisional_oficial_2024P;País;España;Gasto público consolidado por finalidad COFOG.;2026-02-23;Nivel 2 COFOG. Agrupación de grupos pequeños/residuales para conciliación con el total de la división.;gasto;S.13;COFOG;03.5+03.6;03;2;COFOG 2024(P) · publicación 2026-02-23;SEC 2010 + COFOG;IGAE_COF_2024P;no;no
2024;Sector público;Gasto por función;fp_cofog_04;Asuntos económicos;IGAE — Gasto público 2020-2024 (COFOG);80908;https://www.igae.pap.hacienda.gob.es/sitios/igae/es-ES/Contabilidad/ContabilidadNacional/Publicaciones/Documents/AAPP_A/Funcional%202020-2024.pdf;millones de euros;2024;Anual;año natural;provisional_oficial_2024P;País;España;Gasto público consolidado por finalidad COFOG.;2026-02-23;Nivel 1 COFOG.;gasto;S.13;COFOG;04;S13.GASTO;1;COFOG 2024(P) · publicación 2026-02-23;SEC 2010 + COFOG;IGAE_COF_2024P;no;no
2024;Sector público;Gasto por función;fp_cofog_04_1;Asuntos económicos, comerciales y laborales en general;IGAE — Gasto público 2020-2024 (COFOG);21124;https://www.igae.pap.hacienda.gob.es/sitios/igae/es-ES/Contabilidad/ContabilidadNacional/Publicaciones/Documents/AAPP_A/Funcional%202020-2024.pdf;millones de euros;2024;Anual;año natural;provisional_oficial_2024P;País;España;Gasto público consolidado por finalidad COFOG.;2026-02-23;Nivel 2 COFOG.;gasto;S.13;COFOG;04.1;04;2;COFOG 2024(P) · publicación 2026-02-23;SEC 2010 + COFOG;IGAE_COF_2024P;no;no
2024;Sector público;Gasto por función;fp_cofog_04_2;Agricultura, silvicultura, pesca y caza;IGAE — Gasto público 2020-2024 (COFOG);7156;https://www.igae.pap.hacienda.gob.es/sitios/igae/es-ES/Contabilidad/ContabilidadNacional/Publicaciones/Documents/AAPP_A/Funcional%202020-2024.pdf;millones de euros;2024;Anual;año natural;provisional_oficial_2024P;País;España;Gasto público consolidado por finalidad COFOG.;2026-02-23;Nivel 2 COFOG.;gasto;S.13;COFOG;04.2;04;2;COFOG 2024(P) · publicación 2026-02-23;SEC 2010 + COFOG;IGAE_COF_2024P;no;no
2024;Sector público;Gasto por función;fp_cofog_04_3;Combustibles y energía;IGAE — Gasto público 2020-2024 (COFOG);5756;https://www.igae.pap.hacienda.gob.es/sitios/igae/es-ES/Contabilidad/ContabilidadNacional/Publicaciones/Documents/AAPP_A/Funcional%202020-2024.pdf;millones de euros;2024;Anual;año natural;provisional_oficial_2024P;País;España;Gasto público consolidado por finalidad COFOG.;2026-02-23;Nivel 2 COFOG.;gasto;S.13;COFOG;04.3;04;2;COFOG 2024(P) · publicación 2026-02-23;SEC 2010 + COFOG;IGAE_COF_2024P;no;no
2024;Sector público;Gasto por función;fp_cofog_04_4;Minería, manufacturas y construcción;IGAE — Gasto público 2020-2024 (COFOG);2519;https://www.igae.pap.hacienda.gob.es/sitios/igae/es-ES/Contabilidad/ContabilidadNacional/Publicaciones/Documents/AAPP_A/Funcional%202020-2024.pdf;millones de euros;2024;Anual;año natural;provisional_oficial_2024P;País;España;Gasto público consolidado por finalidad COFOG.;2026-02-23;Nivel 2 COFOG.;gasto;S.13;COFOG;04.4;04;2;COFOG 2024(P) · publicación 2026-02-23;SEC 2010 + COFOG;IGAE_COF_2024P;no;no
2024;Sector público;Gasto por función;fp_cofog_04_5;Transporte;IGAE — Gasto público 2020-2024 (COFOG);28634;https://www.igae.pap.hacienda.gob.es/sitios/igae/es-ES/Contabilidad/ContabilidadNacional/Publicaciones/Documents/AAPP_A/Funcional%202020-2024.pdf;millones de euros;2024;Anual;año natural;provisional_oficial_2024P;País;España;Gasto público consolidado por finalidad COFOG.;2026-02-23;Nivel 2 COFOG.;gasto;S.13;COFOG;04.5;04;2;COFOG 2024(P) · publicación 2026-02-23;SEC 2010 + COFOG;IGAE_COF_2024P;no;no
2024;Sector público;Gasto por función;fp_cofog_04_6;Comunicaciones;IGAE — Gasto público 2020-2024 (COFOG);3685;https://www.igae.pap.hacienda.gob.es/sitios/igae/es-ES/Contabilidad/ContabilidadNacional/Publicaciones/Documents/AAPP_A/Funcional%202020-2024.pdf;millones de euros;2024;Anual;año natural;provisional_oficial_2024P;País;España;Gasto público consolidado por finalidad COFOG.;2026-02-23;Nivel 2 COFOG.;gasto;S.13;COFOG;04.6;04;2;COFOG 2024(P) · publicación 2026-02-23;SEC 2010 + COFOG;IGAE_COF_2024P;no;no
2024;Sector público;Gasto por función;fp_cofog_04_7;Otras actividades económicas;IGAE — Gasto público 2020-2024 (COFOG);4212;https://www.igae.pap.hacienda.gob.es/sitios/igae/es-ES/Contabilidad/ContabilidadNacional/Publicaciones/Documents/AAPP_A/Funcional%202020-2024.pdf;millones de euros;2024;Anual;año natural;provisional_oficial_2024P;País;España;Gasto público consolidado por finalidad COFOG.;2026-02-23;Nivel 2 COFOG.;gasto;S.13;COFOG;04.7;04;2;COFOG 2024(P) · publicación 2026-02-23;SEC 2010 + COFOG;IGAE_COF_2024P;no;no
2024;Sector público;Gasto por función;fp_cofog_04_8;I+D relacionada con asuntos económicos;IGAE — Gasto público 2020-2024 (COFOG);5485;https://www.igae.pap.hacienda.gob.es/sitios/igae/es-ES/Contabilidad/ContabilidadNacional/Publicaciones/Documents/AAPP_A/Funcional%202020-2024.pdf;millones de euros;2024;Anual;año natural;provisional_oficial_2024P;País;España;Gasto público consolidado por finalidad COFOG.;2026-02-23;Nivel 2 COFOG.;gasto;S.13;COFOG;04.8;04;2;COFOG 2024(P) · publicación 2026-02-23;SEC 2010 + COFOG;IGAE_COF_2024P;no;no
2024;Sector público;Gasto por función;fp_cofog_04_9;Asuntos económicos n.c.o.p.;IGAE — Gasto público 2020-2024 (COFOG);2337;https://www.igae.pap.hacienda.gob.es/sitios/igae/es-ES/Contabilidad/ContabilidadNacional/Publicaciones/Documents/AAPP_A/Funcional%202020-2024.pdf;millones de euros;2024;Anual;año natural;provisional_oficial_2024P;País;España;Gasto público consolidado por finalidad COFOG.;2026-02-23;Nivel 2 COFOG.;gasto;S.13;COFOG;04.9;04;2;COFOG 2024(P) · publicación 2026-02-23;SEC 2010 + COFOG;IGAE_COF_2024P;no;no
2024;Sector público;Gasto por función;fp_cofog_05;Protección del medio ambiente;IGAE — Gasto público 2020-2024 (COFOG);15539;https://www.igae.pap.hacienda.gob.es/sitios/igae/es-ES/Contabilidad/ContabilidadNacional/Publicaciones/Documents/AAPP_A/Funcional%202020-2024.pdf;millones de euros;2024;Anual;año natural;provisional_oficial_2024P;País;España;Gasto público consolidado por finalidad COFOG.;2026-02-23;Nivel 1 COFOG.;gasto;S.13;COFOG;05;S13.GASTO;1;COFOG 2024(P) · publicación 2026-02-23;SEC 2010 + COFOG;IGAE_COF_2024P;no;no
2024;Sector público;Gasto por función;fp_cofog_05_1;Gestión de residuos;IGAE — Gasto público 2020-2024 (COFOG);8852;https://www.igae.pap.hacienda.gob.es/sitios/igae/es-ES/Contabilidad/ContabilidadNacional/Publicaciones/Documents/AAPP_A/Funcional%202020-2024.pdf;millones de euros;2024;Anual;año natural;provisional_oficial_2024P;País;España;Gasto público consolidado por finalidad COFOG.;2026-02-23;Nivel 2 COFOG.;gasto;S.13;COFOG;05.1;05;2;COFOG 2024(P) · publicación 2026-02-23;SEC 2010 + COFOG;IGAE_COF_2024P;no;no
2024;Sector público;Gasto por función;fp_cofog_05_2;Gestión de aguas residuales;IGAE — Gasto público 2020-2024 (COFOG);2209;https://www.igae.pap.hacienda.gob.es/sitios/igae/es-ES/Contabilidad/ContabilidadNacional/Publicaciones/Documents/AAPP_A/Funcional%202020-2024.pdf;millones de euros;2024;Anual;año natural;provisional_oficial_2024P;País;España;Gasto público consolidado por finalidad COFOG.;2026-02-23;Nivel 2 COFOG.;gasto;S.13;COFOG;05.2;05;2;COFOG 2024(P) · publicación 2026-02-23;SEC 2010 + COFOG;IGAE_COF_2024P;no;no
2024;Sector público;Gasto por función;fp_cofog_05_3;Reducción de la contaminación;IGAE — Gasto público 2020-2024 (COFOG);585;https://www.igae.pap.hacienda.gob.es/sitios/igae/es-ES/Contabilidad/ContabilidadNacional/Publicaciones/Documents/AAPP_A/Funcional%202020-2024.pdf;millones de euros;2024;Anual;año natural;provisional_oficial_2024P;País;España;Gasto público consolidado por finalidad COFOG.;2026-02-23;Nivel 2 COFOG.;gasto;S.13;COFOG;05.3;05;2;COFOG 2024(P) · publicación 2026-02-23;SEC 2010 + COFOG;IGAE_COF_2024P;no;no
2024;Sector público;Gasto por función;fp_cofog_05_4;Protección de la biodiversidad y el paisaje;IGAE — Gasto público 2020-2024 (COFOG);2431;https://www.igae.pap.hacienda.gob.es/sitios/igae/es-ES/Contabilidad/ContabilidadNacional/Publicaciones/Documents/AAPP_A/Funcional%202020-2024.pdf;millones de euros;2024;Anual;año natural;provisional_oficial_2024P;País;España;Gasto público consolidado por finalidad COFOG.;2026-02-23;Nivel 2 COFOG.;gasto;S.13;COFOG;05.4;05;2;COFOG 2024(P) · publicación 2026-02-23;SEC 2010 + COFOG;IGAE_COF_2024P;no;no
2024;Sector público;Gasto por función;fp_cofog_05_5;I+D relacionada con la protección del medio ambiente;IGAE — Gasto público 2020-2024 (COFOG);597;https://www.igae.pap.hacienda.gob.es/sitios/igae/es-ES/Contabilidad/ContabilidadNacional/Publicaciones/Documents/AAPP_A/Funcional%202020-2024.pdf;millones de euros;2024;Anual;año natural;provisional_oficial_2024P;País;España;Gasto público consolidado por finalidad COFOG.;2026-02-23;Nivel 2 COFOG.;gasto;S.13;COFOG;05.5;05;2;COFOG 2024(P) · publicación 2026-02-23;SEC 2010 + COFOG;IGAE_COF_2024P;no;no
2024;Sector público;Gasto por función;fp_cofog_05_6;Protección del medio ambiente n.c.o.p.;IGAE — Gasto público 2020-2024 (COFOG);865;https://www.igae.pap.hacienda.gob.es/sitios/igae/es-ES/Contabilidad/ContabilidadNacional/Publicaciones/Documents/AAPP_A/Funcional%202020-2024.pdf;millones de euros;2024;Anual;año natural;provisional_oficial_2024P;País;España;Gasto público consolidado por finalidad COFOG.;2026-02-23;Nivel 2 COFOG.;gasto;S.13;COFOG;05.6;05;2;COFOG 2024(P) · publicación 2026-02-23;SEC 2010 + COFOG;IGAE_COF_2024P;no;no
2024;Sector público;Gasto por función;fp_cofog_06;Vivienda y servicios comunitarios;IGAE — Gasto público 2020-2024 (COFOG);7613;https://www.igae.pap.hacienda.gob.es/sitios/igae/es-ES/Contabilidad/ContabilidadNacional/Publicaciones/Documents/AAPP_A/Funcional%202020-2024.pdf;millones de euros;2024;Anual;año natural;provisional_oficial_2024P;País;España;Gasto público consolidado por finalidad COFOG.;2026-02-23;Nivel 1 COFOG.;gasto;S.13;COFOG;06;S13.GASTO;1;COFOG 2024(P) · publicación 2026-02-23;SEC 2010 + COFOG;IGAE_COF_2024P;no;no
2024;Sector público;Gasto por función;fp_cofog_06_1;Urbanización;IGAE — Gasto público 2020-2024 (COFOG);2756;https://www.igae.pap.hacienda.gob.es/sitios/igae/es-ES/Contabilidad/ContabilidadNacional/Publicaciones/Documents/AAPP_A/Funcional%202020-2024.pdf;millones de euros;2024;Anual;año natural;provisional_oficial_2024P;País;España;Gasto público consolidado por finalidad COFOG.;2026-02-23;Nivel 2 COFOG.;gasto;S.13;COFOG;06.1;06;2;COFOG 2024(P) · publicación 2026-02-23;SEC 2010 + COFOG;IGAE_COF_2024P;no;no
2024;Sector público;Gasto por función;fp_cofog_06_2;Desarrollo comunitario;IGAE — Gasto público 2020-2024 (COFOG);624;https://www.igae.pap.hacienda.gob.es/sitios/igae/es-ES/Contabilidad/ContabilidadNacional/Publicaciones/Documents/AAPP_A/Funcional%202020-2024.pdf;millones de euros;2024;Anual;año natural;provisional_oficial_2024P;País;España;Gasto público consolidado por finalidad COFOG.;2026-02-23;Nivel 2 COFOG.;gasto;S.13;COFOG;06.2;06;2;COFOG 2024(P) · publicación 2026-02-23;SEC 2010 + COFOG;IGAE_COF_2024P;no;no
2024;Sector público;Gasto por función;fp_cofog_06_3;Abastecimiento de agua;IGAE — Gasto público 2020-2024 (COFOG);2055;https://www.igae.pap.hacienda.gob.es/sitios/igae/es-ES/Contabilidad/ContabilidadNacional/Publicaciones/Documents/AAPP_A/Funcional%202020-2024.pdf;millones de euros;2024;Anual;año natural;provisional_oficial_2024P;País;España;Gasto público consolidado por finalidad COFOG.;2026-02-23;Nivel 2 COFOG.;gasto;S.13;COFOG;06.3;06;2;COFOG 2024(P) · publicación 2026-02-23;SEC 2010 + COFOG;IGAE_COF_2024P;no;no
2024;Sector público;Gasto por función;fp_cofog_06_4;Alumbrado público;IGAE — Gasto público 2020-2024 (COFOG);1895;https://www.igae.pap.hacienda.gob.es/sitios/igae/es-ES/Contabilidad/ContabilidadNacional/Publicaciones/Documents/AAPP_A/Funcional%202020-2024.pdf;millones de euros;2024;Anual;año natural;provisional_oficial_2024P;País;España;Gasto público consolidado por finalidad COFOG.;2026-02-23;Nivel 2 COFOG.;gasto;S.13;COFOG;06.4;06;2;COFOG 2024(P) · publicación 2026-02-23;SEC 2010 + COFOG;IGAE_COF_2024P;no;no
2024;Sector público;Gasto por función;fp_cofog_06_5_06_6;Otros servicios de vivienda y comunitarios;IGAE — Gasto público 2020-2024 (COFOG);283;https://www.igae.pap.hacienda.gob.es/sitios/igae/es-ES/Contabilidad/ContabilidadNacional/Publicaciones/Documents/AAPP_A/Funcional%202020-2024.pdf;millones de euros;2024;Anual;año natural;provisional_oficial_2024P;País;España;Gasto público consolidado por finalidad COFOG.;2026-02-23;Nivel 2 COFOG. Agrupación de grupos pequeños/residuales para conciliación con el total de la división.;gasto;S.13;COFOG;06.5+06.6;06;2;COFOG 2024(P) · publicación 2026-02-23;SEC 2010 + COFOG;IGAE_COF_2024P;no;no
2024;Sector público;Gasto por función;fp_cofog_07;Salud;IGAE — Gasto público 2020-2024 (COFOG);102942;https://www.igae.pap.hacienda.gob.es/sitios/igae/es-ES/Contabilidad/ContabilidadNacional/Publicaciones/Documents/AAPP_A/Funcional%202020-2024.pdf;millones de euros;2024;Anual;año natural;provisional_oficial_2024P;País;España;Gasto público consolidado por finalidad COFOG.;2026-02-23;Nivel 1 COFOG.;gasto;S.13;COFOG;07;S13.GASTO;1;COFOG 2024(P) · publicación 2026-02-23;SEC 2010 + COFOG;IGAE_COF_2024P;no;no
2024;Sector público;Gasto por función;fp_cofog_07_1;Productos, útiles y equipos médicos;IGAE — Gasto público 2020-2024 (COFOG);15083;https://www.igae.pap.hacienda.gob.es/sitios/igae/es-ES/Contabilidad/ContabilidadNacional/Publicaciones/Documents/AAPP_A/Funcional%202020-2024.pdf;millones de euros;2024;Anual;año natural;provisional_oficial_2024P;País;España;Gasto público consolidado por finalidad COFOG.;2026-02-23;Nivel 2 COFOG.;gasto;S.13;COFOG;07.1;07;2;COFOG 2024(P) · publicación 2026-02-23;SEC 2010 + COFOG;IGAE_COF_2024P;no;no
2024;Sector público;Gasto por función;fp_cofog_07_2;Servicios para pacientes externos;IGAE — Gasto público 2020-2024 (COFOG);37253;https://www.igae.pap.hacienda.gob.es/sitios/igae/es-ES/Contabilidad/ContabilidadNacional/Publicaciones/Documents/AAPP_A/Funcional%202020-2024.pdf;millones de euros;2024;Anual;año natural;provisional_oficial_2024P;País;España;Gasto público consolidado por finalidad COFOG.;2026-02-23;Nivel 2 COFOG.;gasto;S.13;COFOG;07.2;07;2;COFOG 2024(P) · publicación 2026-02-23;SEC 2010 + COFOG;IGAE_COF_2024P;no;no
2024;Sector público;Gasto por función;fp_cofog_07_3;Servicios hospitalarios;IGAE — Gasto público 2020-2024 (COFOG);43650;https://www.igae.pap.hacienda.gob.es/sitios/igae/es-ES/Contabilidad/ContabilidadNacional/Publicaciones/Documents/AAPP_A/Funcional%202020-2024.pdf;millones de euros;2024;Anual;año natural;provisional_oficial_2024P;País;España;Gasto público consolidado por finalidad COFOG.;2026-02-23;Nivel 2 COFOG.;gasto;S.13;COFOG;07.3;07;2;COFOG 2024(P) · publicación 2026-02-23;SEC 2010 + COFOG;IGAE_COF_2024P;no;no
2024;Sector público;Gasto por función;fp_cofog_07_4;Servicios de salud pública;IGAE — Gasto público 2020-2024 (COFOG);1777;https://www.igae.pap.hacienda.gob.es/sitios/igae/es-ES/Contabilidad/ContabilidadNacional/Publicaciones/Documents/AAPP_A/Funcional%202020-2024.pdf;millones de euros;2024;Anual;año natural;provisional_oficial_2024P;País;España;Gasto público consolidado por finalidad COFOG.;2026-02-23;Nivel 2 COFOG.;gasto;S.13;COFOG;07.4;07;2;COFOG 2024(P) · publicación 2026-02-23;SEC 2010 + COFOG;IGAE_COF_2024P;no;no
2024;Sector público;Gasto por función;fp_cofog_07_5;I+D relacionada con la salud;IGAE — Gasto público 2020-2024 (COFOG);4713;https://www.igae.pap.hacienda.gob.es/sitios/igae/es-ES/Contabilidad/ContabilidadNacional/Publicaciones/Documents/AAPP_A/Funcional%202020-2024.pdf;millones de euros;2024;Anual;año natural;provisional_oficial_2024P;País;España;Gasto público consolidado por finalidad COFOG.;2026-02-23;Nivel 2 COFOG.;gasto;S.13;COFOG;07.5;07;2;COFOG 2024(P) · publicación 2026-02-23;SEC 2010 + COFOG;IGAE_COF_2024P;no;no
2024;Sector público;Gasto por función;fp_cofog_07_6;Salud n.c.o.p.;IGAE — Gasto público 2020-2024 (COFOG);466;https://www.igae.pap.hacienda.gob.es/sitios/igae/es-ES/Contabilidad/ContabilidadNacional/Publicaciones/Documents/AAPP_A/Funcional%202020-2024.pdf;millones de euros;2024;Anual;año natural;provisional_oficial_2024P;País;España;Gasto público consolidado por finalidad COFOG.;2026-02-23;Nivel 2 COFOG.;gasto;S.13;COFOG;07.6;07;2;COFOG 2024(P) · publicación 2026-02-23;SEC 2010 + COFOG;IGAE_COF_2024P;no;no
2024;Sector público;Gasto por función;fp_cofog_08;Ocio, cultura y religión;IGAE — Gasto público 2020-2024 (COFOG);19193;https://www.igae.pap.hacienda.gob.es/sitios/igae/es-ES/Contabilidad/ContabilidadNacional/Publicaciones/Documents/AAPP_A/Funcional%202020-2024.pdf;millones de euros;2024;Anual;año natural;provisional_oficial_2024P;País;España;Gasto público consolidado por finalidad COFOG.;2026-02-23;Nivel 1 COFOG.;gasto;S.13;COFOG;08;S13.GASTO;1;COFOG 2024(P) · publicación 2026-02-23;SEC 2010 + COFOG;IGAE_COF_2024P;no;no
2024;Sector público;Gasto por función;fp_cofog_08_1;Servicios recreativos y deportivos;IGAE — Gasto público 2020-2024 (COFOG);6770;https://www.igae.pap.hacienda.gob.es/sitios/igae/es-ES/Contabilidad/ContabilidadNacional/Publicaciones/Documents/AAPP_A/Funcional%202020-2024.pdf;millones de euros;2024;Anual;año natural;provisional_oficial_2024P;País;España;Gasto público consolidado por finalidad COFOG.;2026-02-23;Nivel 2 COFOG.;gasto;S.13;COFOG;08.1;08;2;COFOG 2024(P) · publicación 2026-02-23;SEC 2010 + COFOG;IGAE_COF_2024P;no;no
2024;Sector público;Gasto por función;fp_cofog_08_2;Servicios culturales;IGAE — Gasto público 2020-2024 (COFOG);7804;https://www.igae.pap.hacienda.gob.es/sitios/igae/es-ES/Contabilidad/ContabilidadNacional/Publicaciones/Documents/AAPP_A/Funcional%202020-2024.pdf;millones de euros;2024;Anual;año natural;provisional_oficial_2024P;País;España;Gasto público consolidado por finalidad COFOG.;2026-02-23;Nivel 2 COFOG.;gasto;S.13;COFOG;08.2;08;2;COFOG 2024(P) · publicación 2026-02-23;SEC 2010 + COFOG;IGAE_COF_2024P;no;no
2024;Sector público;Gasto por función;fp_cofog_08_3;Servicios de radio, televisión y editoriales;IGAE — Gasto público 2020-2024 (COFOG);3144;https://www.igae.pap.hacienda.gob.es/sitios/igae/es-ES/Contabilidad/ContabilidadNacional/Publicaciones/Documents/AAPP_A/Funcional%202020-2024.pdf;millones de euros;2024;Anual;año natural;provisional_oficial_2024P;País;España;Gasto público consolidado por finalidad COFOG.;2026-02-23;Nivel 2 COFOG.;gasto;S.13;COFOG;08.3;08;2;COFOG 2024(P) · publicación 2026-02-23;SEC 2010 + COFOG;IGAE_COF_2024P;no;no
2024;Sector público;Gasto por función;fp_cofog_08_4;Servicios religiosos y otros servicios comunitarios;IGAE — Gasto público 2020-2024 (COFOG);975;https://www.igae.pap.hacienda.gob.es/sitios/igae/es-ES/Contabilidad/ContabilidadNacional/Publicaciones/Documents/AAPP_A/Funcional%202020-2024.pdf;millones de euros;2024;Anual;año natural;provisional_oficial_2024P;País;España;Gasto público consolidado por finalidad COFOG.;2026-02-23;Nivel 2 COFOG.;gasto;S.13;COFOG;08.4;08;2;COFOG 2024(P) · publicación 2026-02-23;SEC 2010 + COFOG;IGAE_COF_2024P;no;no
2024;Sector público;Gasto por función;fp_cofog_08_5;I+D relacionada con esparcimiento, cultura y religión;IGAE — Gasto público 2020-2024 (COFOG);175;https://www.igae.pap.hacienda.gob.es/sitios/igae/es-ES/Contabilidad/ContabilidadNacional/Publicaciones/Documents/AAPP_A/Funcional%202020-2024.pdf;millones de euros;2024;Anual;año natural;provisional_oficial_2024P;País;España;Gasto público consolidado por finalidad COFOG.;2026-02-23;Nivel 2 COFOG.;gasto;S.13;COFOG;08.5;08;2;COFOG 2024(P) · publicación 2026-02-23;SEC 2010 + COFOG;IGAE_COF_2024P;no;no
2024;Sector público;Gasto por función;fp_cofog_08_6;Esparcimiento, cultura y religión n.c.o.p.;IGAE — Gasto público 2020-2024 (COFOG);325;https://www.igae.pap.hacienda.gob.es/sitios/igae/es-ES/Contabilidad/ContabilidadNacional/Publicaciones/Documents/AAPP_A/Funcional%202020-2024.pdf;millones de euros;2024;Anual;año natural;provisional_oficial_2024P;País;España;Gasto público consolidado por finalidad COFOG.;2026-02-23;Nivel 2 COFOG.;gasto;S.13;COFOG;08.6;08;2;COFOG 2024(P) · publicación 2026-02-23;SEC 2010 + COFOG;IGAE_COF_2024P;no;no
2024;Sector público;Gasto por función;fp_cofog_09;Educación;IGAE — Gasto público 2020-2024 (COFOG);65862;https://www.igae.pap.hacienda.gob.es/sitios/igae/es-ES/Contabilidad/ContabilidadNacional/Publicaciones/Documents/AAPP_A/Funcional%202020-2024.pdf;millones de euros;2024;Anual;año natural;provisional_oficial_2024P;País;España;Gasto público consolidado por finalidad COFOG.;2026-02-23;Nivel 1 COFOG.;gasto;S.13;COFOG;09;S13.GASTO;1;COFOG 2024(P) · publicación 2026-02-23;SEC 2010 + COFOG;IGAE_COF_2024P;no;no
2024;Sector público;Gasto por función;fp_cofog_09_1;Enseñanza preescolar y enseñanza primaria;IGAE — Gasto público 2020-2024 (COFOG);24586;https://www.igae.pap.hacienda.gob.es/sitios/igae/es-ES/Contabilidad/ContabilidadNacional/Publicaciones/Documents/AAPP_A/Funcional%202020-2024.pdf;millones de euros;2024;Anual;año natural;provisional_oficial_2024P;País;España;Gasto público consolidado por finalidad COFOG.;2026-02-23;Nivel 2 COFOG.;gasto;S.13;COFOG;09.1;09;2;COFOG 2024(P) · publicación 2026-02-23;SEC 2010 + COFOG;IGAE_COF_2024P;no;no
2024;Sector público;Gasto por función;fp_cofog_09_2;Enseñanza secundaria;IGAE — Gasto público 2020-2024 (COFOG);25638;https://www.igae.pap.hacienda.gob.es/sitios/igae/es-ES/Contabilidad/ContabilidadNacional/Publicaciones/Documents/AAPP_A/Funcional%202020-2024.pdf;millones de euros;2024;Anual;año natural;provisional_oficial_2024P;País;España;Gasto público consolidado por finalidad COFOG.;2026-02-23;Nivel 2 COFOG.;gasto;S.13;COFOG;09.2;09;2;COFOG 2024(P) · publicación 2026-02-23;SEC 2010 + COFOG;IGAE_COF_2024P;no;no
2024;Sector público;Gasto por función;fp_cofog_09_3;Enseñanza postsecundaria no terciaria;IGAE — Gasto público 2020-2024 (COFOG);26;https://www.igae.pap.hacienda.gob.es/sitios/igae/es-ES/Contabilidad/ContabilidadNacional/Publicaciones/Documents/AAPP_A/Funcional%202020-2024.pdf;millones de euros;2024;Anual;año natural;provisional_oficial_2024P;País;España;Gasto público consolidado por finalidad COFOG.;2026-02-23;Nivel 2 COFOG.;gasto;S.13;COFOG;09.3;09;2;COFOG 2024(P) · publicación 2026-02-23;SEC 2010 + COFOG;IGAE_COF_2024P;no;no
2024;Sector público;Gasto por función;fp_cofog_09_4;Enseñanza terciaria;IGAE — Gasto público 2020-2024 (COFOG);8796;https://www.igae.pap.hacienda.gob.es/sitios/igae/es-ES/Contabilidad/ContabilidadNacional/Publicaciones/Documents/AAPP_A/Funcional%202020-2024.pdf;millones de euros;2024;Anual;año natural;provisional_oficial_2024P;País;España;Gasto público consolidado por finalidad COFOG.;2026-02-23;Nivel 2 COFOG.;gasto;S.13;COFOG;09.4;09;2;COFOG 2024(P) · publicación 2026-02-23;SEC 2010 + COFOG;IGAE_COF_2024P;no;no
2024;Sector público;Gasto por función;fp_cofog_09_5;Enseñanza no atribuible a ningún nivel;IGAE — Gasto público 2020-2024 (COFOG);1005;https://www.igae.pap.hacienda.gob.es/sitios/igae/es-ES/Contabilidad/ContabilidadNacional/Publicaciones/Documents/AAPP_A/Funcional%202020-2024.pdf;millones de euros;2024;Anual;año natural;provisional_oficial_2024P;País;España;Gasto público consolidado por finalidad COFOG.;2026-02-23;Nivel 2 COFOG.;gasto;S.13;COFOG;09.5;09;2;COFOG 2024(P) · publicación 2026-02-23;SEC 2010 + COFOG;IGAE_COF_2024P;no;no
2024;Sector público;Gasto por función;fp_cofog_09_6;Servicios auxiliares de la educación;IGAE — Gasto público 2020-2024 (COFOG);2364;https://www.igae.pap.hacienda.gob.es/sitios/igae/es-ES/Contabilidad/ContabilidadNacional/Publicaciones/Documents/AAPP_A/Funcional%202020-2024.pdf;millones de euros;2024;Anual;año natural;provisional_oficial_2024P;País;España;Gasto público consolidado por finalidad COFOG.;2026-02-23;Nivel 2 COFOG.;gasto;S.13;COFOG;09.6;09;2;COFOG 2024(P) · publicación 2026-02-23;SEC 2010 + COFOG;IGAE_COF_2024P;no;no
2024;Sector público;Gasto por función;fp_cofog_09_7;I+D relacionada con la educación;IGAE — Gasto público 2020-2024 (COFOG);1397;https://www.igae.pap.hacienda.gob.es/sitios/igae/es-ES/Contabilidad/ContabilidadNacional/Publicaciones/Documents/AAPP_A/Funcional%202020-2024.pdf;millones de euros;2024;Anual;año natural;provisional_oficial_2024P;País;España;Gasto público consolidado por finalidad COFOG.;2026-02-23;Nivel 2 COFOG.;gasto;S.13;COFOG;09.7;09;2;COFOG 2024(P) · publicación 2026-02-23;SEC 2010 + COFOG;IGAE_COF_2024P;no;no
2024;Sector público;Gasto por función;fp_cofog_09_8;Enseñanza n.c.o.p.;IGAE — Gasto público 2020-2024 (COFOG);2050;https://www.igae.pap.hacienda.gob.es/sitios/igae/es-ES/Contabilidad/ContabilidadNacional/Publicaciones/Documents/AAPP_A/Funcional%202020-2024.pdf;millones de euros;2024;Anual;año natural;provisional_oficial_2024P;País;España;Gasto público consolidado por finalidad COFOG.;2026-02-23;Nivel 2 COFOG.;gasto;S.13;COFOG;09.8;09;2;COFOG 2024(P) · publicación 2026-02-23;SEC 2010 + COFOG;IGAE_COF_2024P;no;no
2024;Sector público;Gasto por función;fp_cofog_10;Protección social;IGAE — Gasto público 2020-2024 (COFOG);297532;https://www.igae.pap.hacienda.gob.es/sitios/igae/es-ES/Contabilidad/ContabilidadNacional/Publicaciones/Documents/AAPP_A/Funcional%202020-2024.pdf;millones de euros;2024;Anual;año natural;provisional_oficial_2024P;País;España;Gasto público consolidado por finalidad COFOG.;2026-02-23;Nivel 1 COFOG.;gasto;S.13;COFOG;10;S13.GASTO;1;COFOG 2024(P) · publicación 2026-02-23;SEC 2010 + COFOG;IGAE_COF_2024P;no;no
2024;Sector público;Gasto por función;fp_cofog_10_1;Enfermedad e incapacidad;IGAE — Gasto público 2020-2024 (COFOG);44019;https://www.igae.pap.hacienda.gob.es/sitios/igae/es-ES/Contabilidad/ContabilidadNacional/Publicaciones/Documents/AAPP_A/Funcional%202020-2024.pdf;millones de euros;2024;Anual;año natural;provisional_oficial_2024P;País;España;Gasto público consolidado por finalidad COFOG.;2026-02-23;Nivel 2 COFOG.;gasto;S.13;COFOG;10.1;10;2;COFOG 2024(P) · publicación 2026-02-23;SEC 2010 + COFOG;IGAE_COF_2024P;no;no
2024;Sector público;Gasto por función;fp_cofog_10_2;Edad avanzada;IGAE — Gasto público 2020-2024 (COFOG);165050;https://www.igae.pap.hacienda.gob.es/sitios/igae/es-ES/Contabilidad/ContabilidadNacional/Publicaciones/Documents/AAPP_A/Funcional%202020-2024.pdf;millones de euros;2024;Anual;año natural;provisional_oficial_2024P;País;España;Gasto público consolidado por finalidad COFOG.;2026-02-23;Nivel 2 COFOG.;gasto;S.13;COFOG;10.2;10;2;COFOG 2024(P) · publicación 2026-02-23;SEC 2010 + COFOG;IGAE_COF_2024P;no;no
2024;Sector público;Gasto por función;fp_cofog_10_3;Supérstites;IGAE — Gasto público 2020-2024 (COFOG);35425;https://www.igae.pap.hacienda.gob.es/sitios/igae/es-ES/Contabilidad/ContabilidadNacional/Publicaciones/Documents/AAPP_A/Funcional%202020-2024.pdf;millones de euros;2024;Anual;año natural;provisional_oficial_2024P;País;España;Gasto público consolidado por finalidad COFOG.;2026-02-23;Nivel 2 COFOG.;gasto;S.13;COFOG;10.3;10;2;COFOG 2024(P) · publicación 2026-02-23;SEC 2010 + COFOG;IGAE_COF_2024P;no;no
2024;Sector público;Gasto por función;fp_cofog_10_4;Familia e hijos;IGAE — Gasto público 2020-2024 (COFOG);15294;https://www.igae.pap.hacienda.gob.es/sitios/igae/es-ES/Contabilidad/ContabilidadNacional/Publicaciones/Documents/AAPP_A/Funcional%202020-2024.pdf;millones de euros;2024;Anual;año natural;provisional_oficial_2024P;País;España;Gasto público consolidado por finalidad COFOG.;2026-02-23;Nivel 2 COFOG.;gasto;S.13;COFOG;10.4;10;2;COFOG 2024(P) · publicación 2026-02-23;SEC 2010 + COFOG;IGAE_COF_2024P;no;no
2024;Sector público;Gasto por función;fp_cofog_10_5;Desempleo;IGAE — Gasto público 2020-2024 (COFOG);24077;https://www.igae.pap.hacienda.gob.es/sitios/igae/es-ES/Contabilidad/ContabilidadNacional/Publicaciones/Documents/AAPP_A/Funcional%202020-2024.pdf;millones de euros;2024;Anual;año natural;provisional_oficial_2024P;País;España;Gasto público consolidado por finalidad COFOG.;2026-02-23;Nivel 2 COFOG.;gasto;S.13;COFOG;10.5;10;2;COFOG 2024(P) · publicación 2026-02-23;SEC 2010 + COFOG;IGAE_COF_2024P;no;no
2024;Sector público;Gasto por función;fp_cofog_10_6;Vivienda;IGAE — Gasto público 2020-2024 (COFOG);657;https://www.igae.pap.hacienda.gob.es/sitios/igae/es-ES/Contabilidad/ContabilidadNacional/Publicaciones/Documents/AAPP_A/Funcional%202020-2024.pdf;millones de euros;2024;Anual;año natural;provisional_oficial_2024P;País;España;Gasto público consolidado por finalidad COFOG.;2026-02-23;Nivel 2 COFOG.;gasto;S.13;COFOG;10.6;10;2;COFOG 2024(P) · publicación 2026-02-23;SEC 2010 + COFOG;IGAE_COF_2024P;no;no
2024;Sector público;Gasto por función;fp_cofog_10_7;Exclusión social n.c.o.p.;IGAE — Gasto público 2020-2024 (COFOG);10878;https://www.igae.pap.hacienda.gob.es/sitios/igae/es-ES/Contabilidad/ContabilidadNacional/Publicaciones/Documents/AAPP_A/Funcional%202020-2024.pdf;millones de euros;2024;Anual;año natural;provisional_oficial_2024P;País;España;Gasto público consolidado por finalidad COFOG.;2026-02-23;Nivel 2 COFOG.;gasto;S.13;COFOG;10.7;10;2;COFOG 2024(P) · publicación 2026-02-23;SEC 2010 + COFOG;IGAE_COF_2024P;no;no
2024;Sector público;Gasto por función;fp_cofog_10_8_10_9;I+D y protección social n.c.o.p.;IGAE — Gasto público 2020-2024 (COFOG);2132;https://www.igae.pap.hacienda.gob.es/sitios/igae/es-ES/Contabilidad/ContabilidadNacional/Publicaciones/Documents/AAPP_A/Funcional%202020-2024.pdf;millones de euros;2024;Anual;año natural;provisional_oficial_2024P;País;España;Gasto público consolidado por finalidad COFOG.;2026-02-23;Nivel 2 COFOG. Agrupación de grupos pequeños/residuales para conciliación con el total de la división.;gasto;S.13;COFOG;10.8+10.9;10;2;COFOG 2024(P) · publicación 2026-02-23;SEC 2010 + COFOG;IGAE_COF_2024P;no;no
2024;Sector público;Pensiones;fp_pens;Pensiones (detalle analítico dentro de Protección social);IGAE — Gasto público 2020-2024 (COFOG);206130;https://www.igae.pap.hacienda.gob.es/sitios/igae/es-ES/Contabilidad/ContabilidadNacional/Publicaciones/Documents/AAPP_A/Funcional%202020-2024.pdf;millones de euros;2024;Anual;año natural;provisional_oficial_2024P;País;España;Corte analítico de pensiones publicado por IGAE dentro de Protección social.;2026-02-23;No es un grupo COFOG adicional: es un corte analítico que solapa varios grupos de Protección social.;gasto_detalle;S.13;IGAE_ANALITICO;PENS;10;tematico;COFOG 2024(P) · publicación 2026-02-23;Detalle de pensiones publicado en el informe COFOG;IGAE_COF_2024P;no;sí
2024;Sector público;Pensiones;fp_pens_contr;Pensiones contributivas de los Fondos de la Seguridad Social;IGAE — Gasto público 2020-2024 (COFOG);180826;https://www.igae.pap.hacienda.gob.es/sitios/igae/es-ES/Contabilidad/ContabilidadNacional/Publicaciones/Documents/AAPP_A/Funcional%202020-2024.pdf;millones de euros;2024;Anual;año natural;provisional_oficial_2024P;País;España;Corte analítico de pensiones publicado por IGAE dentro de Protección social.;2026-02-23;;gasto_detalle;S.13;IGAE_ANALITICO;PENS.CONTR;PENS;tematico_2;COFOG 2024(P) · publicación 2026-02-23;Detalle de pensiones publicado en el informe COFOG;IGAE_COF_2024P;no;sí
2024;Sector público;Pensiones;fp_pens_nocontr;Pensiones no contributivas de los Fondos de la Seguridad Social;IGAE — Gasto público 2020-2024 (COFOG);3229;https://www.igae.pap.hacienda.gob.es/sitios/igae/es-ES/Contabilidad/ContabilidadNacional/Publicaciones/Documents/AAPP_A/Funcional%202020-2024.pdf;millones de euros;2024;Anual;año natural;provisional_oficial_2024P;País;España;Corte analítico de pensiones publicado por IGAE dentro de Protección social.;2026-02-23;;gasto_detalle;S.13;IGAE_ANALITICO;PENS.NOCONTR;PENS;tematico_2;COFOG 2024(P) · publicación 2026-02-23;Detalle de pensiones publicado en el informe COFOG;IGAE_COF_2024P;no;sí
2024;Sector público;Pensiones;fp_pens_cp;Clases pasivas del Estado;IGAE — Gasto público 2020-2024 (COFOG);22075;https://www.igae.pap.hacienda.gob.es/sitios/igae/es-ES/Contabilidad/ContabilidadNacional/Publicaciones/Documents/AAPP_A/Funcional%202020-2024.pdf;millones de euros;2024;Anual;año natural;provisional_oficial_2024P;País;España;Corte analítico de pensiones publicado por IGAE dentro de Protección social.;2026-02-23;;gasto_detalle;S.13;IGAE_ANALITICO;PENS.CP;PENS;tematico_2;COFOG 2024(P) · publicación 2026-02-23;Detalle de pensiones publicado en el informe COFOG;IGAE_COF_2024P;no;sí
